map	count	mean_advantage	median_advantage	stdev_advantage
de_dust2	231	1.0822510822511	1	0.27534349643932
de_inferno	191	1.0261780104712	1	0.16008402312937
de_mirage	191	1.0366492146597	1	0.18839286355606
de_nuke	226	1.0398230088496	1	0.21747636316369
de_overpass	142	1	1	0
de_train	156	1.0320512820513	1	0.17670357153123
